PDB ID,Chain,Res ID,Res Name,Predict pKa,Target pKa,model pKa,Predict pKa shift,Target pKa shift
2ZTA,A,22,GLU,3.545767307281494,4.2,4.2,-0.654232692718506,0.0
1HV0,A,78,GLU,6.258108139038086,4.6,4.2,2.0581081390380858,0.39999999999999947
1BNI,B,102,HIS,6.401281356811523,6.3,6.34,0.06128135681152358,-0.040000000000000036
1LZ3,A,7,GLU,3.4059178829193115,2.68,4.2,-0.7940821170806887,-1.52
1UBQ,A,21,ASP,3.1872549057006836,3.1,3.7,-0.5127450942993166,-0.6000000000000001
1DWR,A,113,HIS,5.20598030090332,5.87,6.34,-1.1340196990966795,-0.46999999999999975
1TRS,A,58,ASP,2.9348151683807373,2.7,3.7,-0.7651848316192629,-1.0
2QMT,A,15,GLU,3.934119701385498,4.4,4.2,-0.26588029861450213,0.20000000000000018
1HV0,A,172,GLU,6.546353340148926,7.2,4.2,2.3463533401489256,3.0
1CDC,A,71,ASP,3.474916458129883,3.18,3.7,-0.22508354187011737,-0.52
2QMT,A,36,ASP,4.2227783203125,3.8,3.7,0.5227783203124998,0.09999999999999964
1IGC,A,52,ASP,3.2581777572631836,3.4,3.7,-0.4418222427368166,-0.30000000000000027
3C1E,A,119,LYS,7.4888916015625,6.2,10.4,-2.9111083984375004,-4.2
1EGF,A,46,ASP,2.2174179553985596,3.8,3.7,-1.4825820446014406,0.09999999999999964
1LNI,A,78,GLU,4.427884578704834,3.13,4.2,0.2278845787048338,-1.0700000000000003
1FNA,A,80,ASP,3.5291285514831543,3.4,3.7,-0.17087144851684588,-0.30000000000000027
1IGC,A,45,ASP,3.8168036937713623,4.4,3.7,0.11680369377136213,0.7000000000000002
1PGA,A,42,GLU,3.710905075073242,4.4,4.2,-0.489094924926758,0.20000000000000018
1GB1,A,36,ASP,4.211433410644531,3.8,3.7,0.5114334106445311,0.09999999999999964
1HNG,A,25,ASP,3.237305164337158,3.53,3.7,-0.462694835662842,-0.17000000000000037
1LSE,A,35,GLU,4.94602108001709,6.2,4.2,0.7460210800170897,2.0
2BCA,A,7,LYS,10.816401481628418,11.36,10.4,0.4164014816284176,0.9599999999999991
1UBQ,A,16,GLU,3.8955135345458984,3.9,4.2,-0.30448646545410174,-0.30000000000000027
1BPI,A,15,LYS,10.80378532409668,10.6,10.4,0.40378532409667933,0.1999999999999993
1BPI,A,46,LYS,10.613215446472168,10.6,10.4,0.2132154464721676,0.1999999999999993
1PPF,I,29,LYS,11.173601150512695,11.12,10.4,0.773601150512695,0.7199999999999989
1IGC,A,61,GLU,4.069177627563477,4.2,4.2,-0.13082237243652362,0.0
1UBQ,A,39,ASP,2.8426406383514404,3.6,3.7,-0.8573593616485597,-0.10000000000000009
1DE3,A,36,HIS,7.19134521484375,6.8,6.34,0.8513452148437501,0.45999999999999996
1BNZ,A,16,ASP,2.833371639251709,2.62,3.7,-0.8666283607482912,-1.08
2BCA,A,72,LYS,10.981228828430176,11.33,10.4,0.5812288284301754,0.9299999999999997
1BNI,B,29,GLU,3.379141330718994,3.75,4.2,-0.820858669281006,-0.4500000000000002
1STN,A,101,GLU,4.246350288391113,3.81,4.2,0.046350288391113104,-0.3900000000000001
1ERT,A,88,GLU,3.706058979034424,3.7,4.2,-0.49394102096557635,-0.5
1BHC,J,7,GLU,3.840308666229248,3.7,4.2,-0.35969133377075213,-0.5
2ZTA,A,10,GLU,4.419753074645996,3.94,4.2,0.21975307464599592,-0.26000000000000023
6GST,A,84,HIS,6.658301830291748,7.08,6.34,0.3183018302917482,0.7400000000000002
1BHC,J,41,LYS,10.637520790100098,10.8,10.4,0.2375207901000973,0.40000000000000036
1BVI,B,92,HIS,6.875563621520996,7.31,6.34,0.5355636215209962,0.9699999999999998
1LSE,A,87,ASP,2.7120440006256104,2.07,3.7,-0.9879559993743898,-1.6300000000000003
1BVI,B,28,GLU,4.237867832183838,5.61,4.2,0.03786783218383771,1.4100000000000001
1A6K,A,113,HIS,5.795158386230469,5.44,6.34,-0.5448416137695311,-0.8999999999999995
4HHB,A,89,HIS,6.494179725646973,7.2,6.34,0.1541797256469728,0.8600000000000003
1DIV,A,54,GLU,3.288419246673584,4.21,4.2,-0.9115807533264162,0.009999999999999787
1FKS,A,94,HIS,6.247557163238525,5.84,6.34,-0.09244283676147447,-0.5
1TRS,A,70,GLU,4.124760627746582,4.8,4.2,-0.07523937225341815,0.5999999999999996
1STN,A,10,GLU,3.277848482131958,2.82,4.2,-0.9221515178680422,-1.3800000000000003
4MBN,A,116,HIS,6.180449962615967,6.66,6.34,-0.15955003738403306,0.3200000000000003
1LNI,A,14,GLU,4.418664932250977,5.02,4.2,0.21866493225097638,0.8199999999999994
1IG5,A,12,LYS,10.843235969543457,11.06,10.4,0.4432359695434567,0.6600000000000001
1ERT,A,103,GLU,4.398609161376953,4.4,4.2,0.19860916137695295,0.20000000000000018
1LSE,A,33,LYS,10.246988296508789,10.6,10.4,-0.1530117034912113,0.1999999999999993
1DIV,A,38,GLU,3.8350300788879395,4.04,4.2,-0.3649699211120607,-0.16000000000000014
1XNB,A,4,ASP,3.6168978214263916,3.0,3.7,-0.08310217857360858,-0.7000000000000002
1KF3,A,2,GLU,3.146956443786621,2.7,4.2,-1.053043556213379,-1.5
1BNZ,A,50,ASP,3.5012636184692383,3.55,3.7,-0.1987363815307619,-0.15000000000000036
1HNG,A,56,GLU,3.386958599090576,3.92,4.2,-0.813041400909424,-0.28000000000000025
1DE3,A,50,HIS,6.360692024230957,7.7,6.34,0.020692024230957173,1.3600000000000003
1GS9,A,146,LYS,10.49941349029541,9.2,10.4,0.0994134902954098,-1.200000000000001
1HNG,A,28,ASP,3.1780893802642822,3.57,3.7,-0.521910619735718,-0.13000000000000034
1CDC,A,72,ASP,4.101312160491943,4.14,3.7,0.4013121604919432,0.4399999999999995
2QMT,A,27,GLU,3.98502779006958,4.5,4.2,-0.2149722099304201,0.2999999999999998
1ERT,A,70,GLU,4.357057094573975,4.6,4.2,0.15705709457397443,0.39999999999999947
2QMT,A,56,GLU,3.98030161857605,4.0,4.2,-0.21969838142395037,-0.20000000000000018
1B2X,A,8,ASP,2.306056022644043,3.1,3.7,-1.3939439773559572,-0.6000000000000001
1BHC,J,15,LYS,10.811603546142578,10.6,10.4,0.41160354614257777,0.1999999999999993
1TRS,A,60,ASP,3.812649965286255,3.9,3.7,0.1126499652862547,0.19999999999999973
1HNG,A,99,GLU,3.1392323970794678,4.25,4.2,-1.0607676029205324,0.04999999999999982
1HNG,A,33,GLU,4.156805038452148,4.16,4.2,-0.04319496154785174,-0.040000000000000036
4HHB,A,50,HIS,6.404102802276611,7.2,6.34,0.06410280227661147,0.8600000000000003
1GS9,A,72,LYS,10.691557884216309,10.0,10.4,0.29155788421630824,-0.40000000000000036
1IG5,A,26,GLU,3.3584752082824707,4.08,4.2,-0.8415247917175295,-0.1200000000000001
2OVO,A,19,GLU,3.458160877227783,3.21,4.2,-0.741839122772217,-0.9900000000000002
1XNB,A,119,ASP,3.723257064819336,3.2,3.7,0.02325706481933576,-0.5
1QH7,A,15,ASP,3.7319130897521973,3.35,3.7,0.03191308975219709,-0.3500000000000001
1IGC,A,41,ASP,4.397897720336914,3.9,3.7,0.6978977203369139,0.19999999999999973
1DIV,A,8,ASP,3.2371482849121094,2.99,3.7,-0.4628517150878908,-0.71
1BVI,B,29,ASP,4.4593329429626465,4.26,3.7,0.7593329429626463,0.5599999999999996
1DE3,A,115,GLU,3.4204297065734863,4.9,4.2,-0.7795702934265138,0.7000000000000002
1UBQ,A,64,GLU,3.9377522468566895,4.5,4.2,-0.2622477531433107,0.2999999999999998
1LNI,A,17,ASP,4.879371643066406,3.72,3.7,1.179371643066406,0.020000000000000018
1STN,A,40,ASP,2.84550404548645,3.87,3.7,-0.85449595451355,0.16999999999999993
1YGW,A,66,ASP,2.943864583969116,3.9,3.7,-0.756135416030884,0.19999999999999973
2OVO,A,55,LYS,10.737236976623535,11.1,10.4,0.3372369766235348,0.6999999999999993
1TRS,A,6,GLU,3.9064934253692627,4.9,4.2,-0.2935065746307375,0.7000000000000002
3RN3,A,111,GLU,4.123758792877197,3.5,4.2,-0.07624120712280291,-0.7000000000000002
1LSE,A,52,ASP,4.273858547210693,3.68,3.7,0.5738585472106932,-0.020000000000000018
2QMT,A,40,ASP,3.508953094482422,4.0,3.7,-0.1910469055175783,0.2999999999999998
1EX3,A,194,ASP,5.839210033416748,2.29,3.7,2.139210033416748,-1.4100000000000001
4ICB,A,4,GLU,3.4673264026641846,3.77,4.2,-0.7326735973358156,-0.43000000000000016
1HIC,A,43,GLU,3.720305919647217,4.24,4.2,-0.4796940803527834,0.040000000000000036
1DWR,A,119,HIS,5.762513160705566,6.56,6.34,-0.5774868392944335,0.21999999999999975
1ERT,A,6,GLU,4.2206034660339355,4.8,4.2,0.02060346603393537,0.5999999999999996
2ZTA,A,28,LYS,10.689065933227539,10.64,10.4,0.2890659332275387,0.2400000000000002
1CDC,A,26,ASP,2.6683578491210938,3.58,3.7,-1.0316421508789064,-0.1200000000000001
1EX3,A,102,ASP,2.919116973876953,1.36,3.7,-0.780883026123047,-2.34
1YGW,A,92,HIS,6.285602569580078,7.31,6.34,-0.05439743041992173,0.9699999999999998
1BPI,A,50,ASP,2.801919937133789,3.4,3.7,-0.8980800628662111,-0.30000000000000027
1A6K,A,116,HIS,6.281546592712402,6.49,6.34,-0.058453407287597514,0.15000000000000036
1YGW,A,40,HIS,6.585143089294434,7.44,6.34,0.24514308929443374,1.1000000000000005
1H4G,B,90,ASP,3.625743865966797,3.88,3.7,-0.0742561340332033,0.17999999999999972
1IGC,A,20,GLU,3.6734023094177246,4.3,4.2,-0.5265976905822756,0.09999999999999964
1DE3,A,82,HIS,7.8796586990356445,7.3,6.34,1.5396586990356447,0.96
1XNB,A,11,ASP,3.059617280960083,2.5,3.7,-0.6403827190399172,-1.2000000000000002
1BNI,B,73,GLU,3.662097454071045,2.1,4.2,-0.5379025459289553,-2.1
2CPL,A,70,HIS,6.501776218414307,5.84,6.34,0.16177621841430678,-0.5
1BHC,J,46,LYS,10.491158485412598,10.6,10.4,0.0911584854125973,0.1999999999999993
2OVO,A,34,LYS,10.841072082519531,10.13,10.4,0.4410720825195309,-0.2699999999999996
1YPH,C,57,HIS,6.870719909667969,6.14,6.34,0.5307199096679689,-0.20000000000000018
1DG9,A,72,HIS,5.36789608001709,9.19,6.34,-0.97210391998291,2.8499999999999996
1CDC,A,41,GLU,4.0385236740112305,6.73,4.2,-0.1614763259887697,2.5300000000000002
1QH7,A,5,ASP,3.505364418029785,3.84,3.7,-0.19463558197021502,0.13999999999999968
1TRS,A,47,GLU,3.70090913772583,4.3,4.2,-0.4990908622741701,0.09999999999999964
1A6K,A,119,HIS,5.1888957023620605,6.13,6.34,-1.1511042976379393,-0.20999999999999996
1EGF,A,11,ASP,3.407447338104248,3.9,3.7,-0.29255266189575213,0.19999999999999973
1IGC,A,27,ASP,2.5158183574676514,2.9,3.7,-1.1841816425323488,-0.8000000000000003
1YGW,A,28,GLU,4.7361860275268555,5.61,4.2,0.5361860275268553,1.4100000000000001
2QMT,A,46,ASP,2.745751142501831,3.6,3.7,-0.9542488574981691,-0.10000000000000009
4ICB,A,25,LYS,10.88453483581543,11.81,10.4,0.48453483581542933,1.4100000000000001
1ERT,A,56,GLU,5.200652122497559,5.0,4.2,1.0006521224975584,0.7999999999999998
1STN,A,73,GLU,4.529530048370361,3.31,4.2,0.32953004837036115,-0.8900000000000001
1BI6,H,1,GLU,4.470700263977051,3.3,4.2,0.2707002639770506,-0.9000000000000004
3RUZ,A,68,LYS,10.10328483581543,7.4,10.4,-0.29671516418457067,-3.0
1TRS,A,13,GLU,4.0007829666137695,4.4,4.2,-0.19921703338623065,0.20000000000000018
1BVI,B,49,ASP,3.785644054412842,4.22,3.7,0.08564405441284162,0.5199999999999996
1GS9,A,143,LYS,10.314104080200195,9.5,10.4,-0.08589591979980504,-0.9000000000000004
1HNG,A,62,ASP,5.139009475708008,4.15,3.7,1.4390094757080076,0.4500000000000002
1KF3,A,121,ASP,3.9457340240478516,3.0,3.7,0.24573402404785138,-0.7000000000000002
1BI6,H,13,ASP,3.1713762283325195,3.8,3.7,-0.5286237716674806,0.09999999999999964
1A6K,A,36,HIS,7.4481611251831055,8.06,6.34,1.1081611251831056,1.7200000000000006
1UBQ,A,18,GLU,3.9523372650146484,4.3,4.2,-0.24766273498535174,0.09999999999999964
135L,A,7,GLU,3.4038851261138916,2.68,4.2,-0.7961148738861086,-1.52
1LSE,A,13,LYS,10.459831237792969,10.5,10.4,0.059831237792968395,0.09999999999999964
1BI6,L,5,GLU,3.9867489337921143,4.0,4.2,-0.21325106620788592,-0.20000000000000018
1DE3,A,92,HIS,6.695822715759277,6.9,6.34,0.3558227157592775,0.5600000000000005
1TRS,A,16,ASP,4.452001094818115,4.2,3.7,0.7520010948181151,0.5
1DE3,A,104,HIS,6.456724166870117,6.6,6.34,0.11672416687011733,0.2599999999999998
1ERT,A,26,ASP,7.641218185424805,9.9,3.7,3.9412181854248045,6.2
1KF3,A,38,ASP,2.8970022201538086,2.1,3.7,-0.8029977798461916,-1.6
135L,A,18,ASP,2.5959935188293457,2.68,3.7,-1.1040064811706545,-1.02
1SAP,A,53,GLU,4.482481479644775,3.53,4.2,0.2824814796447752,-0.6700000000000004
1ERT,A,98,GLU,4.110584259033203,3.9,4.2,-0.08941574096679705,-0.30000000000000027
1H4G,B,56,GLU,4.315607070922852,4.55,4.2,0.11560707092285138,0.34999999999999964
1A91,A,37,GLU,4.300729274749756,5.5,4.2,0.10072927474975568,1.2999999999999998
1IG5,A,29,LYS,10.71292781829834,11.28,10.4,0.3129278182983395,0.879999999999999
1STG,A,46,HIS,6.209931373596191,5.8,6.34,-0.13006862640380845,-0.54
2ZTA,A,27,LYS,10.554180145263672,11.1,10.4,0.15418014526367152,0.6999999999999993
1STN,A,129,GLU,3.233330011367798,3.75,4.2,-0.9666699886322023,-0.4500000000000002
4ICB,A,55,LYS,10.935172080993652,12.12,10.4,0.535172080993652,1.7199999999999989
3RN3,A,9,GLU,4.488184928894043,4.0,4.2,0.2881849288940428,-0.20000000000000018
1DE3,A,140,GLU,3.8442137241363525,4.3,4.2,-0.35578627586364764,0.09999999999999964
1LNI,A,79,ASP,4.989680290222168,7.37,3.7,1.2896802902221678,3.67
1UBQ,A,51,GLU,3.2903616428375244,3.8,4.2,-0.9096383571624758,-0.40000000000000036
1IG5,A,47,ASP,3.094228744506836,3.04,3.7,-0.6057712554931642,-0.6600000000000001
1IGC,A,32,GLU,4.355922698974609,4.6,4.2,0.1559226989746092,0.39999999999999947
1BNZ,A,36,GLU,3.340056896209717,4.89,4.2,-0.8599431037902834,0.6899999999999995
1CDC,A,62,ASP,3.4183878898620605,4.15,3.7,-0.28161211013793963,0.4500000000000002
1DIV,A,48,GLU,4.431596755981445,4.21,4.2,0.23159675598144513,0.009999999999999787
1H4G,B,126,GLU,3.226227283477783,4.51,4.2,-0.973772716522217,0.3099999999999996
1LSE,A,97,LYS,10.772918701171875,10.3,10.4,0.37291870117187464,-0.09999999999999964
1H4G,B,94,GLU,5.422576904296875,3.94,4.2,1.2225769042968748,-0.26000000000000023
1SAP,A,47,GLU,2.925119161605835,4.21,4.2,-1.2748808383941652,0.009999999999999787
4LZT,A,15,HIS,6.527218818664551,5.36,6.34,0.18721881866455092,-0.9799999999999995
1A6K,A,97,HIS,5.117090225219727,5.63,6.34,-1.2229097747802733,-0.71
1BVI,B,82,GLU,3.557889938354492,3.27,4.2,-0.642110061645508,-0.9300000000000002
1H4G,B,60,HIS,5.909261703491211,4.01,6.34,-0.4307382965087889,-2.33
1ERT,A,61,ASP,4.315611839294434,5.3,3.7,0.6156118392944334,1.5999999999999996
2BCA,A,26,GLU,3.921321392059326,4.08,4.2,-0.278678607940674,-0.1200000000000001
1BVI,B,66,ASP,3.1125221252441406,3.9,3.7,-0.5874778747558596,0.19999999999999973
4ICB,A,11,GLU,4.54008674621582,4.74,4.2,0.34008674621582013,0.54
1CDC,A,29,GLU,4.127100944519043,4.42,4.2,-0.07289905548095721,0.21999999999999975
1BI6,H,32,ASP,2.8421249389648438,3.1,3.7,-0.8578750610351564,-0.6000000000000001
1KF3,A,12,HIS,5.602034568786621,6.0,6.34,-0.7379654312133788,-0.33999999999999986
1DE3,A,35,HIS,7.686881065368652,6.3,6.34,1.3468810653686525,-0.040000000000000036
1HNG,A,72,ASP,3.882432222366333,4.14,3.7,0.18243222236633283,0.4399999999999995
1SAP,A,64,GLU,3.7428131103515625,4.23,4.2,-0.4571868896484377,0.03000000000000025
1UBQ,A,32,ASP,3.83156156539917,3.8,3.7,0.13156156539916974,0.09999999999999964
1IG5,A,48,GLU,4.4094767570495605,4.62,4.2,0.20947675704956037,0.41999999999999993
1YGW,A,102,GLU,5.212915420532227,5.3,4.2,1.0129154205322264,1.0999999999999996
1B2X,A,86,ASP,3.4173672199249268,4.2,3.7,-0.2826327800750734,0.5
1CDC,A,94,ASP,3.0547118186950684,3.87,3.7,-0.6452881813049318,0.16999999999999993
1LNI,A,53,HIS,7.089996337890625,8.27,6.34,0.7499963378906251,1.9299999999999997
4ICB,A,47,ASP,2.901026725769043,3.04,3.7,-0.7989732742309572,-0.6600000000000001
1YGW,A,15,ASP,4.288846969604492,3.52,3.7,0.588846969604492,-0.18000000000000016
6GST,A,167,HIS,7.757245063781738,7.77,6.34,1.4172450637817384,1.4299999999999997
1DIV,A,17,GLU,3.1362078189849854,3.57,4.2,-1.0637921810150148,-0.6300000000000003
1LNI,A,93,ASP,3.8353521823883057,3.09,3.7,0.1353521823883055,-0.6100000000000003
1BNI,B,8,ASP,2.7719290256500244,3.1,3.7,-0.9280709743499758,-0.6000000000000001
1IG5,A,1,LYS,10.769855499267578,10.59,10.4,0.36985549926757777,0.1899999999999995
1YGW,A,82,GLU,4.405256748199463,3.27,4.2,0.2052567481994627,-0.9300000000000002
1UBQ,A,24,GLU,4.004865646362305,4.3,4.2,-0.1951343536376955,0.09999999999999964
1DIV,A,23,ASP,3.3044865131378174,3.05,3.7,-0.3955134868621828,-0.6500000000000004
1TRS,A,88,GLU,3.2978367805480957,3.6,4.2,-0.9021632194519045,-0.6000000000000001
1UBQ,A,58,ASP,2.7902235984802246,3.6,3.7,-0.9097764015197756,-0.10000000000000009
1GS9,A,75,LYS,10.199180603027344,10.1,10.4,-0.2008193969726566,-0.3000000000000007
1TRS,A,20,ASP,2.881007432937622,3.8,3.7,-0.8189925670623781,0.09999999999999964
1YGW,A,46,GLU,3.7503228187561035,3.62,4.2,-0.44967718124389666,-0.5800000000000001
1B2X,A,102,HIS,6.582859039306641,6.3,6.34,0.24285903930664077,-0.040000000000000036
1IG5,A,7,LYS,10.915664672851562,11.36,10.4,0.5156646728515621,0.9599999999999991
1A91,A,61,ASP,4.581637382507324,7.1,3.7,0.881637382507324,3.3999999999999995
1LSE,A,96,LYS,10.281919479370117,10.8,10.4,-0.11808052062988317,0.40000000000000036
1BI6,H,24,GLU,3.8673527240753174,4.2,4.2,-0.3326472759246828,0.0
2BCA,A,41,LYS,10.754880905151367,10.93,10.4,0.35488090515136683,0.5299999999999994
1QH7,A,56,GLU,4.299849510192871,4.55,4.2,0.09984951019287092,0.34999999999999964
1LZ3,A,119,ASP,2.5218005180358887,3.35,3.7,-1.1781994819641115,-0.3500000000000001
1BNI,B,86,ASP,3.9542627334594727,4.2,3.7,0.2542627334594725,0.5
1BNZ,A,60,GLU,4.108573913574219,4.24,4.2,-0.09142608642578143,0.040000000000000036
1TRS,A,103,GLU,4.3802690505981445,4.5,4.2,0.18026905059814435,0.2999999999999998
1BI6,H,38,ASP,3.4510385990142822,3.7,3.7,-0.24896140098571795,0.0
1STG,A,124,HIS,5.914547920227051,5.99,6.34,-0.4254520797729491,-0.34999999999999964
1DUK,A,81,HIS,6.920614242553711,6.58,6.34,0.5806142425537111,0.2400000000000002
1HV1,A,78,GLU,6.723362922668457,4.6,4.2,2.523362922668457,0.39999999999999947
2OVO,A,10,GLU,3.656132936477661,4.14,4.2,-0.543867063522339,-0.0600000000000005
1TRS,A,56,GLU,4.261728286743164,3.2,4.2,0.061728286743163885,-1.0
1GB1,A,15,GLU,3.9796104431152344,4.4,4.2,-0.2203895568847658,0.20000000000000018
2BCA,A,55,LYS,11.098587989807129,12.12,10.4,0.6985879898071286,1.7199999999999989
1IGD,A,24,LYS,10.473289489746094,10.7,10.4,0.0732894897460934,0.29999999999999893
1KF3,A,86,GLU,3.7763686180114746,4.0,4.2,-0.42363138198852557,-0.20000000000000018
1YGW,A,3,ASP,3.247466802597046,3.54,3.7,-0.4525331974029543,-0.16000000000000014
2OVO,A,13,LYS,11.041584968566895,9.86,10.4,0.6415849685668942,-0.5400000000000009
1LSE,A,18,ASP,3.016023635864258,2.66,3.7,-0.6839763641357424,-1.04
1B2X,A,60,GLU,3.847588062286377,3.0,4.2,-0.3524119377136232,-1.2000000000000002
1QH7,A,184,GLU,5.65361213684082,6.5,4.2,1.4536121368408201,2.3
1DE3,A,31,GLU,3.8536081314086914,4.6,4.2,-0.34639186859130877,0.39999999999999947
1BNI,B,18,HIS,7.082469940185547,7.75,6.34,0.742469940185547,1.4100000000000001
1IG5,A,4,GLU,3.543388605117798,3.77,4.2,-0.6566113948822023,-0.43000000000000016
1HNG,A,2,ASP,3.2094876766204834,3.55,3.7,-0.4905123233795168,-0.15000000000000036
1IGC,A,51,ASP,2.4131011962890625,3.6,3.7,-1.2868988037109377,-0.10000000000000009
1TRS,A,64,ASP,2.5178911685943604,3.2,3.7,-1.1821088314056398,-0.5
4MBN,A,36,HIS,7.186450958251953,7.83,6.34,0.8464509582519533,1.4900000000000002
1B2X,A,73,GLU,4.449385166168213,2.1,4.2,0.2493851661682127,-2.1
1HIC,A,35,GLU,3.7189059257507324,4.32,4.2,-0.48109407424926776,0.1200000000000001
4ICB,A,12,LYS,11.027017593383789,11.06,10.4,0.6270175933837887,0.6600000000000001
1HIC,A,8,GLU,3.4677553176879883,4.28,4.2,-0.7322446823120119,0.08000000000000007
1TRS,A,61,ASP,4.1257195472717285,5.2,3.7,0.42571954727172834,1.5
1B2X,A,44,ASP,4.167021751403809,3.6,3.7,0.4670217514038084,-0.10000000000000009
1HNG,A,26,ASP,3.237846851348877,3.58,3.7,-0.4621531486511232,-0.1200000000000001
1IG5,A,16,LYS,11.01584529876709,11.06,10.4,0.6158452987670895,0.6600000000000001
1BPI,A,41,LYS,10.42866039276123,10.8,10.4,0.028660392761230113,0.40000000000000036
1SAP,A,56,ASP,3.05517840385437,3.35,3.7,-0.6448215961456301,-0.3500000000000001
1H4G,B,12,ASP,3.0091774463653564,3.94,3.7,-0.6908225536346437,0.23999999999999977
1DE3,A,150,HIS,6.325559616088867,7.6,6.34,-0.01444038391113267,1.2599999999999998
1LNI,A,1,ASP,3.5777502059936523,3.44,3.7,-0.12224979400634783,-0.26000000000000023
1BPI,A,3,ASP,2.5128917694091797,3.0,3.7,-1.1871082305908205,-0.7000000000000002
1XNB,A,172,GLU,6.513123989105225,7.2,4.2,2.3131239891052244,3.0
1LSE,A,7,GLU,3.9392664432525635,2.85,4.2,-0.2607335567474367,-1.35
1DWR,A,36,HIS,7.379752159118652,7.8,6.34,1.0397521591186525,1.46
1HIC,A,17,GLU,4.084324836730957,3.79,4.2,-0.11567516326904315,-0.41000000000000014
1BI6,H,2,GLU,3.464271068572998,3.3,4.2,-0.7357289314270021,-0.9000000000000004
1A91,A,7,ASP,4.193949222564697,5.6,3.7,0.4939492225646971,1.8999999999999995
1ERT,A,58,ASP,3.7204556465148926,3.1,3.7,0.0204556465148924,-0.6000000000000001
1ERT,A,64,ASP,2.727123975753784,3.1,3.7,-0.972876024246216,-0.6000000000000001
1GB1,A,27,GLU,4.548027515411377,4.5,4.2,0.3480275154113768,0.2999999999999998
1HNG,A,71,ASP,3.406057596206665,3.18,3.7,-0.29394240379333514,-0.52
1GS9,A,69,LYS,10.67900562286377,10.4,10.4,0.2790056228637692,0.0
2BCA,A,29,LYS,10.07631778717041,11.28,10.4,-0.3236822128295902,0.879999999999999
1A6K,A,81,HIS,6.333414077758789,6.68,6.34,-0.006585922241210795,0.33999999999999986
1A6K,A,48,HIS,6.083316802978516,5.25,6.34,-0.25668319702148423,-1.0899999999999999
1SAP,A,49,ASP,3.726456642150879,3.55,3.7,0.02645664215087873,-0.15000000000000036
1HNG,A,41,GLU,5.332515239715576,6.73,4.2,1.132515239715576,2.5300000000000002
1GB1,A,46,ASP,2.755627155303955,3.6,3.7,-0.9443728446960451,-0.10000000000000009
4ICB,A,41,LYS,10.69189739227295,10.93,10.4,0.29189739227294886,0.5299999999999994
1YGW,A,27,HIS,7.885586738586426,7.57,6.34,1.545586738586426,1.2300000000000004
1BHC,J,49,GLU,3.383129119873047,3.8,4.2,-0.8168708801269533,-0.40000000000000036
2IGH,A,41,ASP,3.855848550796509,3.9,3.7,0.1558485507965086,0.19999999999999973
1DE3,A,19,GLU,2.7947096824645996,4.6,4.2,-1.4052903175354006,0.39999999999999947
1RGG,A,54,GLU,4.24723482131958,3.42,4.2,0.0472348213195799,-0.7800000000000002
4ICB,A,26,GLU,3.5810930728912354,4.08,4.2,-0.6189069271087648,-0.1200000000000001
1LSE,A,48,ASP,2.7603161334991455,1.6,3.7,-0.9396838665008547,-2.1
1FKS,A,87,HIS,5.467507362365723,6.51,6.34,-0.8724926376342772,0.16999999999999993
1DWR,A,48,HIS,6.077366828918457,5.62,6.34,-0.2626331710815428,-0.7199999999999998
2ZTA,A,8,LYS,10.695562362670898,11.26,10.4,0.2955623626708981,0.8599999999999994
2OVO,A,29,LYS,11.081110000610352,11.12,10.4,0.6811100006103512,0.7199999999999989
1PPF,I,55,LYS,10.677017211914062,11.1,10.4,0.27701721191406214,0.6999999999999993
1YPH,C,102,ASP,2.826240062713623,2.77,3.7,-0.8737599372863771,-0.9300000000000002
1PPF,I,13,LYS,11.198134422302246,9.87,10.4,0.7981344223022457,-0.5300000000000011
2IGH,A,52,ASP,3.0312838554382324,3.4,3.7,-0.6687161445617678,-0.30000000000000027
1BVI,B,3,ASP,3.8513994216918945,3.54,3.7,0.15139942169189435,-0.16000000000000014
1CDC,A,28,ASP,2.900068759918213,3.57,3.7,-0.7999312400817873,-0.13000000000000034
1B2X,A,12,ASP,3.9087119102478027,3.8,3.7,0.20871191024780256,0.09999999999999964
2QMT,A,42,GLU,3.844491958618164,4.4,4.2,-0.3555080413818361,0.20000000000000018
1STN,A,121,HIS,5.641535758972168,5.3,6.34,-0.6984642410278319,-1.04
1QH7,A,126,GLU,3.834475040435791,4.51,4.2,-0.36552495956420916,0.3099999999999996
1GB1,A,40,ASP,4.101142406463623,4.0,3.7,0.40114240646362287,0.2999999999999998
4ICB,A,72,LYS,10.477502822875977,11.33,10.4,0.07750282287597621,0.9299999999999997
1QH7,A,60,HIS,4.888009071350098,4.01,6.34,-1.4519909286499022,-2.33
1ERT,A,95,GLU,3.676093339920044,4.1,4.2,-0.5239066600799562,-0.10000000000000053
3SRN,A,105,HIS,5.6901679039001465,6.82,6.34,-0.6498320960998534,0.4800000000000004
1LZ3,A,52,ASP,4.733053207397461,3.78,3.7,1.0330532073974608,0.07999999999999963
1GS9,A,95,LYS,10.75910472869873,10.1,10.4,0.3591047286987301,-0.3000000000000007
1H4G,B,17,GLU,3.625786542892456,4.31,4.2,-0.5742134571075441,0.10999999999999943
1GB1,A,56,GLU,3.985304832458496,4.0,4.2,-0.21469516754150408,-0.20000000000000018
2OVO,A,7,ASP,2.7883079051971436,2.67,3.7,-0.9116920948028566,-1.0300000000000002
1GB1,A,47,ASP,3.7311315536499023,3.4,3.7,0.031131553649902166,-0.30000000000000027
1IGC,A,29,GLU,3.747765302658081,4.2,4.2,-0.4522346973419191,0.0
4MBN,A,119,HIS,5.30211067199707,6.38,6.34,-1.0378893280029295,0.040000000000000036
2IGH,A,32,GLU,4.3345794677734375,4.6,4.2,0.13457946777343732,0.39999999999999947
1B2X,A,75,ASP,3.3784732818603516,3.1,3.7,-0.3215267181396486,-0.6000000000000001
1H4G,B,184,GLU,5.4406280517578125,6.5,4.2,1.2406280517578123,2.3
1SAP,A,12,GLU,3.6887474060058594,4.41,4.2,-0.5112525939941408,0.20999999999999996
2QMT,A,19,GLU,3.787001609802246,3.7,4.2,-0.4129983901977541,-0.5
1BVI,B,58,GLU,3.554359197616577,3.96,4.2,-0.645640802383423,-0.2400000000000002
1DWR,A,81,HIS,6.0817155838012695,6.94,6.34,-0.2582844161987303,0.6000000000000005
1ERT,A,60,ASP,4.000903129577637,4.2,3.7,0.30090312957763654,0.5
1DE3,A,59,ASP,2.9902238845825195,4.1,3.7,-0.7097761154174806,0.39999999999999947
3RN3,A,48,HIS,5.90560245513916,6.0,6.34,-0.4343975448608397,-0.33999999999999986
1DE3,A,96,GLU,6.080155372619629,5.1,4.2,1.8801553726196287,0.8999999999999995
1IG5,A,11,GLU,4.817330360412598,4.74,4.2,0.6173303604125975,0.54
1H4G,B,167,GLU,4.741166114807129,3.58,4.2,0.5411661148071287,-0.6200000000000001
1SAP,A,35,ASP,3.39280366897583,3.42,3.7,-0.3071963310241701,-0.28000000000000025
1QH7,A,21,ASP,2.804640769958496,3.46,3.7,-0.8953592300415041,-0.2400000000000002
1STN,A,67,GLU,3.6973507404327393,3.76,4.2,-0.5026492595672609,-0.4400000000000004
1H4G,B,11,HIS,6.927309036254883,6.52,6.34,0.587309036254883,0.17999999999999972
1BPI,A,26,LYS,10.762484550476074,10.6,10.4,0.36248455047607386,0.1999999999999993
1SAP,A,16,ASP,1.9952658414840698,2.89,3.7,-1.7047341585159304,-0.81
1FNA,A,47,GLU,4.203371047973633,3.9,4.2,0.003371047973632635,-0.30000000000000027
4ICB,A,7,LYS,10.975584983825684,11.36,10.4,0.5755849838256832,0.9599999999999991
1UBQ,A,34,GLU,3.771930694580078,4.5,4.2,-0.42806930541992205,0.2999999999999998
1HIC,A,5,ASP,2.7257964611053467,4.25,3.7,-0.9742035388946535,0.5499999999999998
2ZTA,A,18,HIS,6.628910064697266,6.24,6.34,0.28891006469726577,-0.09999999999999964
1UBQ,A,52,ASP,2.376991033554077,3.4,3.7,-1.323008966445923,-0.30000000000000027
1IG5,A,64,GLU,3.559999942779541,3.84,4.2,-0.6400000572204592,-0.3600000000000003
1IG5,A,71,LYS,10.503689765930176,10.73,10.4,0.10368976593017543,0.33000000000000007
1MUT,A,39,LYS,10.998085021972656,8.4,10.4,0.5980850219726559,-2.0
1BVI,B,40,HIS,6.732425689697266,7.44,6.34,0.39242568969726577,1.1000000000000005
1CDC,A,25,ASP,3.0626509189605713,3.53,3.7,-0.6373490810394289,-0.17000000000000037
2ZTA,A,20,GLU,4.076748847961426,4.38,4.2,-0.1232511520385744,0.17999999999999972
2ZTA,A,7,ASP,3.8535919189453125,3.48,3.7,0.15359191894531232,-0.2200000000000002
2ZTA,A,11,GLU,4.1492462158203125,4.05,4.2,-0.05075378417968768,-0.15000000000000036
1BI6,H,9,ASP,3.02506685256958,3.0,3.7,-0.6749331474304201,-0.7000000000000002
1IG5,A,55,LYS,11.263416290283203,12.12,10.4,0.8634162902832028,1.7199999999999989
2IGH,A,51,ASP,2.638390302658081,3.6,3.7,-1.0616096973419191,-0.10000000000000009
3SRN,A,12,HIS,7.006075859069824,6.03,6.34,0.6660758590698244,-0.3099999999999996
1H4G,B,32,HIS,6.656352996826172,6.68,6.34,0.316352996826172,0.33999999999999986
1BVI,B,46,GLU,3.6458899974823,3.62,4.2,-0.5541100025177004,-0.5800000000000001
3SSI,A,106,HIS,5.863950729370117,6.0,6.34,-0.47604927062988267,-0.33999999999999986
1STG,A,8,HIS,6.205010414123535,6.82,6.34,-0.1349895858764647,0.4800000000000004
1B2X,A,18,HIS,7.6281585693359375,7.75,6.34,1.2881585693359376,1.4100000000000001
1QH7,A,17,GLU,4.253664970397949,4.31,4.2,0.05366497039794904,0.10999999999999943
1QH7,A,90,ASP,3.642127513885498,3.88,3.7,-0.05787248611450213,0.17999999999999972
1BNZ,A,12,GLU,3.5319182872772217,4.33,4.2,-0.6680817127227785,0.1299999999999999
4ICB,A,48,GLU,3.6469359397888184,4.62,4.2,-0.5530640602111818,0.41999999999999993
1BHC,J,26,LYS,10.812554359436035,10.6,10.4,0.4125543594360348,0.1999999999999993
4MBN,A,113,HIS,5.638070106506348,5.51,6.34,-0.7019298934936522,-0.8300000000000001
1H4G,B,5,ASP,3.575608491897583,3.84,3.7,-0.12439150810241717,0.13999999999999968
1DE3,A,57,ASP,3.4084107875823975,4.3,3.7,-0.2915892124176027,0.5999999999999996
1DE3,A,9,ASP,3.3562493324279785,3.9,3.7,-0.34375066757202166,0.19999999999999973
1LZ3,A,18,ASP,2.3899104595184326,2.68,3.7,-1.3100895404815676,-1.02
2CPL,A,126,HIS,5.745854377746582,6.34,6.34,-0.5941456222534178,0.0
1BHC,J,3,ASP,3.0443952083587646,3.0,3.7,-0.6556047916412355,-0.7000000000000002
1A91,A,44,ASP,3.2403407096862793,5.6,3.7,-0.4596592903137209,1.8999999999999995
1HIC,A,33,ASP,2.9326562881469727,4.24,3.7,-0.7673437118530275,0.54
1B2X,A,29,GLU,3.9332544803619385,3.75,4.2,-0.2667455196380617,-0.4500000000000002
1BPI,A,49,GLU,3.4415223598480225,3.8,4.2,-0.7584776401519777,-0.40000000000000036
1BNI,B,12,ASP,4.124585151672363,3.8,3.7,0.4245851516723631,0.09999999999999964
1FNA,A,67,ASP,2.6007468700408936,4.2,3.7,-1.0992531299591066,0.5
1A6K,A,24,HIS,5.182984828948975,6.2,6.34,-1.1570151710510252,-0.13999999999999968
1GS9,A,157,LYS,10.863768577575684,11.1,10.4,0.46376857757568324,0.6999999999999993
1ERT,A,13,GLU,4.097342491149902,4.8,4.2,-0.10265750885009783,0.5999999999999996
1IG5,A,72,LYS,10.724004745483398,11.33,10.4,0.3240047454833981,0.9299999999999997
1ANS,A,20,GLU,4.129120826721191,5.4,4.2,-0.07087917327880877,1.2000000000000002
4HHB,A,72,HIS,7.241237640380859,7.3,6.34,0.9012376403808595,0.96
1YGW,A,31,GLU,4.168742656707764,5.36,4.2,-0.031257343292236506,1.1600000000000001
4ICB,A,64,GLU,3.6498165130615234,3.84,4.2,-0.5501834869384767,-0.3600000000000003
2QMT,A,22,ASP,2.2954204082489014,2.9,3.7,-1.4045795917510988,-0.8000000000000003
1KF3,A,49,GLU,3.9593021869659424,4.3,4.2,-0.2406978130340578,0.09999999999999964
2IGH,A,45,ASP,4.281638145446777,4.4,3.7,0.5816381454467772,0.7000000000000002
1IG5,A,25,LYS,10.85308837890625,11.81,10.4,0.45308837890624964,1.4100000000000001
1CDC,A,33,GLU,3.4671058654785156,4.16,4.2,-0.7328941345214846,-0.040000000000000036
4HHB,A,20,HIS,7.325190544128418,7.6,6.34,0.9851905441284181,1.2599999999999998
1DE3,A,109,ASP,2.909165382385254,3.7,3.7,-0.7908346176147463,0.0
2IGH,A,20,GLU,4.117405891418457,4.3,4.2,-0.08259410858154315,0.09999999999999964
1HNG,A,29,GLU,4.92433500289917,4.42,4.2,0.7243350028991697,0.21999999999999975
1DG9,A,66,HIS,7.328980445861816,8.29,6.34,0.9889804458618165,1.9499999999999993
1KF3,A,105,HIS,4.5508198738098145,6.5,6.34,-1.7891801261901854,0.16000000000000014
1BNZ,A,35,ASP,2.9361929893493652,2.67,3.7,-0.7638070106506349,-1.0300000000000002
1TRS,A,98,GLU,4.500682353973389,3.9,4.2,0.3006823539733885,-0.30000000000000027
1H4G,B,21,ASP,2.872312068939209,3.46,3.7,-0.8276879310607912,-0.2400000000000002
1PGA,A,19,GLU,3.6590442657470703,3.7,4.2,-0.5409557342529299,-0.5
1SAP,A,14,GLU,3.2784006595611572,4.0,4.2,-0.921599340438843,-0.20000000000000018
2OVO,A,43,GLU,4.790042877197266,4.81,4.2,0.5900428771972654,0.6099999999999994
2OVO,A,27,ASP,3.123021364212036,2.3,3.7,-0.576978635787964,-1.4000000000000004
1EGF,A,24,GLU,3.6500465869903564,4.1,4.2,-0.5499534130096437,-0.10000000000000053
3SRN,B,119,HIS,6.030301570892334,6.33,6.34,-0.3096984291076659,-0.009999999999999787
1XNB,A,121,ASP,3.2486472129821777,3.6,3.7,-0.45135278701782244,-0.10000000000000009
1PPF,I,34,LYS,10.859421730041504,10.13,10.4,0.45942173004150355,-0.2699999999999996
1CDC,A,99,GLU,3.865535020828247,4.25,4.2,-0.3344649791717531,0.04999999999999982
1STN,A,52,GLU,3.565080165863037,3.93,4.2,-0.6349198341369631,-0.27
2ZTA,A,6,GLU,4.101165771484375,4.6,4.2,-0.09883422851562518,0.39999999999999947
1XNB,A,106,ASP,5.015059471130371,2.7,3.7,1.315059471130371,-1.0
1STN,A,57,GLU,3.366213321685791,3.49,4.2,-0.8337866783142092,-0.71
1LSE,A,1,LYS,10.65559196472168,10.8,10.4,0.25559196472167933,0.40000000000000036
1HV1,A,172,GLU,6.846928596496582,7.2,4.2,2.646928596496582,3.0
2ZTA,A,15,LYS,10.748488426208496,10.62,10.4,0.34848842620849574,0.21999999999999886
1BNI,B,44,ASP,3.2315549850463867,3.6,3.7,-0.46844501495361346,-0.10000000000000009
1QH7,A,167,GLU,4.5319414138793945,3.58,4.2,0.33194141387939435,-0.6200000000000001
2QMT,A,47,ASP,3.2367031574249268,3.4,3.7,-0.4632968425750734,-0.30000000000000027
2BCA,A,12,LYS,10.691752433776855,11.06,10.4,0.2917524337768551,0.6600000000000001
1YGW,A,58,GLU,5.4056854248046875,3.96,4.2,1.2056854248046873,-0.2400000000000002
1SAP,A,62,GLU,2.9220833778381348,3.99,4.2,-1.2779166221618654,-0.20999999999999996
1BVI,B,27,HIS,7.309656143188477,7.57,6.34,0.9696561431884767,1.2300000000000004
4ICB,A,16,LYS,10.913219451904297,10.06,10.4,0.5132194519042965,-0.33999999999999986
1DE3,A,137,HIS,6.338149070739746,5.8,6.34,-0.0018509292602537641,-0.54
1BVI,B,31,GLU,4.2926344871521,5.36,4.2,0.09263448715209943,1.1600000000000001
1STN,A,75,GLU,3.258157253265381,3.26,4.2,-0.9418427467346193,-0.9400000000000004
1SAP,A,36,ASP,3.125396490097046,3.12,3.7,-0.5746035099029543,-0.5800000000000001
135L,A,35,GLU,5.104344844818115,6.06,4.2,0.9043448448181151,1.8599999999999994
4HMI,A,93,LYS,6.1888628005981445,6.5,10.4,-4.211137199401856,-3.9000000000000004
2IGH,A,27,ASP,2.5301427841186523,2.9,3.7,-1.1698572158813478,-0.8000000000000003
4ICB,A,1,LYS,10.886653900146484,10.59,10.4,0.486653900146484,0.1899999999999995
1BNI,B,60,GLU,4.032766342163086,3.0,4.2,-0.16723365783691424,-1.2000000000000002
1H4G,B,178,GLU,5.268763065338135,4.1,4.2,1.0687630653381346,-0.10000000000000053
1BNZ,A,48,GLU,3.14477801322937,4.03,4.2,-1.05522198677063,-0.16999999999999993
1DE3,A,75,ASP,2.3697497844696045,3.9,3.7,-1.3302502155303957,0.19999999999999973
1BNZ,A,54,GLU,2.958057165145874,3.56,4.2,-1.2419428348541262,-0.6400000000000001
1BNI,B,22,ASP,3.4043428897857666,3.3,3.7,-0.2956571102142336,-0.40000000000000036
1B2X,A,22,ASP,2.7876834869384766,3.3,3.7,-0.9123165130615236,-0.40000000000000036
1QH7,A,178,GLU,5.749255180358887,4.1,4.2,1.5492551803588865,-0.10000000000000053
1IG5,A,5,GLU,3.417724132537842,3.4,4.2,-0.7822758674621584,-0.8000000000000003
2IGH,A,61,GLU,4.3603410720825195,4.2,4.2,0.16034107208251935,0.0
1TRS,A,95,GLU,3.4732885360717773,4.1,4.2,-0.7267114639282228,-0.10000000000000053
1STN,A,122,GLU,2.794830560684204,3.89,4.2,-1.405169439315796,-0.31000000000000005
1LSE,A,101,ASP,4.147373199462891,4.09,3.7,0.44737319946289045,0.3899999999999997
2IGH,A,29,GLU,3.989617347717285,4.2,4.2,-0.21038265228271502,0.0
1HNG,A,94,ASP,3.520594835281372,3.87,3.7,-0.1794051647186281,0.16999999999999993
1BVI,B,15,ASP,2.7934463024139404,3.52,3.7,-0.9065536975860597,-0.18000000000000016
1EGF,A,27,ASP,3.273439645767212,4.0,3.7,-0.42656035423278826,0.2999999999999998
1TRS,A,68,GLU,4.349850177764893,5.1,4.2,0.1498501777648924,0.8999999999999995
1DE3,A,85,ASP,3.230790376663208,3.8,3.7,-0.46920962333679217,0.09999999999999964
4ICB,A,29,LYS,10.629669189453125,11.28,10.4,0.22966918945312464,0.879999999999999
4ICB,A,71,LYS,10.61578369140625,10.72,10.4,0.21578369140624964,0.3200000000000003
1BVI,B,102,GLU,4.242375373840332,5.3,4.2,0.042375373840331854,1.0999999999999996
1QH7,A,94,GLU,6.143856525421143,3.94,4.2,1.9438565254211424,-0.26000000000000023
135L,A,52,ASP,5.137567520141602,3.78,3.7,1.4375675201416014,0.07999999999999963
2BCA,A,71,LYS,10.768972396850586,10.73,10.4,0.3689723968505856,0.33000000000000007
1KF3,A,53,ASP,4.036544322967529,3.7,3.7,0.3365443229675291,0.0
1ERT,A,68,GLU,4.440309047698975,4.9,4.2,0.24030904769897443,0.7000000000000002
2ZTA,A,3,LYS,10.621194839477539,10.78,10.4,0.2211948394775387,0.379999999999999
1LZ3,A,35,GLU,4.898715019226074,6.06,4.2,0.698715019226074,1.8599999999999994
1QH7,A,32,HIS,6.5277791023254395,6.68,6.34,0.1877791023254396,0.33999999999999986
4HHB,A,112,HIS,7.564302444458008,8.1,6.34,1.224302444458008,1.7599999999999998
1STN,A,135,GLU,3.83693790435791,3.76,4.2,-0.36306209564209,-0.4400000000000004
1DWR,A,116,HIS,6.565270900726318,6.79,6.34,0.2252709007263185,0.4500000000000002
4ICB,A,5,GLU,3.4021544456481934,3.4,4.2,-0.7978455543518068,-0.8000000000000003
1STN,A,43,GLU,4.040879249572754,4.32,4.2,-0.15912075042724627,0.1200000000000001
1EGF,A,40,ASP,2.1366701126098633,3.6,3.7,-1.563329887390137,-0.10000000000000009
1ERT,A,47,GLU,4.078747749328613,4.1,4.2,-0.1212522506713869,-0.10000000000000053
1A91,A,2,GLU,3.496243953704834,5.5,4.2,-0.7037560462951662,1.2999999999999998
1A6K,A,12,HIS,6.559499740600586,6.29,6.34,0.21949974060058608,-0.04999999999999982
2BCA,A,1,LYS,10.82152271270752,10.59,10.4,0.4215227127075192,0.1899999999999995
1SAP,A,11,GLU,3.575652599334717,4.19,4.2,-0.6243474006652834,-0.009999999999999787
1LSE,A,119,ASP,2.5343170166015625,3.2,3.7,-1.1656829833984377,-0.5
1EPH,A,22,HIS,6.639998435974121,6.8,6.34,0.29999843597412124,0.45999999999999996
1QH7,A,11,HIS,5.24295711517334,6.52,6.34,-1.09704288482666,0.17999999999999972
1YGW,A,29,ASP,3.535337448120117,4.26,3.7,-0.164662551879883,0.5599999999999996
1ERT,A,16,ASP,4.29395866394043,3.7,3.7,0.5939586639404295,0.0
6GST,A,83,HIS,7.020495414733887,5.18,6.34,0.6804954147338869,-1.1600000000000001
1BHC,J,50,ASP,2.936669111251831,3.4,3.7,-0.7633308887481691,-0.30000000000000027
1FNA,A,38,GLU,3.7204716205596924,3.8,4.2,-0.4795283794403078,-0.40000000000000036
1IG5,A,41,LYS,10.774521827697754,10.93,10.4,0.37452182769775355,0.5299999999999994
1BNZ,A,11,GLU,3.920970916748047,4.17,4.2,-0.2790290832519533,-0.03000000000000025
1LZ1,A,78,HIS,6.490363121032715,7.12,6.34,0.15036312103271499,0.7800000000000002
1H4G,B,15,ASP,3.224850654602051,3.35,3.7,-0.4751493453979494,-0.3500000000000001
1CDC,A,56,GLU,3.439363718032837,3.92,4.2,-0.7606362819671633,-0.28000000000000025
1BCX,A,78,GLU,5.256990432739258,4.6,4.2,1.0569904327392576,0.39999999999999947
1DE3,A,144,GLU,3.3665223121643066,4.3,4.2,-0.8334776878356935,0.09999999999999964
1GB1,A,22,ASP,2.918924331665039,2.9,3.7,-0.7810756683349611,-0.8000000000000003
1YGW,A,49,ASP,3.4037389755249023,4.22,3.7,-0.29626102447509783,0.5199999999999996
135L,A,119,ASP,2.5562565326690674,3.35,3.7,-1.1437434673309328,-0.3500000000000001
1QH7,A,12,ASP,3.1042914390563965,3.94,3.7,-0.5957085609436037,0.23999999999999977
1LSE,A,116,LYS,10.524091720581055,10.4,10.4,0.12409172058105433,0.0
2BCA,A,16,LYS,10.933599472045898,11.06,10.4,0.5335994720458981,0.6600000000000001
