PDB ID,Chain,Res ID,Res Name,Predict pKa,Target pKa,model pKa,Predict pKa shift,Target pKa shift
1HV0,A,172,GLU,6.546353340148926,7.2,4.2,2.3463533401489256,3.0
3C1E,A,119,LYS,7.4888916015625,6.2,10.4,-2.9111083984375004,-4.2
1EX3,A,102,ASP,2.919116973876953,1.36,3.7,-0.780883026123047,-2.34
1BNI,B,73,GLU,3.662097454071045,2.1,4.2,-0.5379025459289553,-2.1
1DG9,A,72,HIS,5.36789608001709,9.19,6.34,-0.97210391998291,2.8499999999999996
1CDC,A,41,GLU,4.0385236740112305,6.73,4.2,-0.1614763259887697,2.5300000000000002
3RUZ,A,68,LYS,10.10328483581543,7.4,10.4,-0.29671516418457067,-3.0
1ERT,A,26,ASP,7.641218185424805,9.9,3.7,3.9412181854248045,6.2
1LNI,A,79,ASP,4.989680290222168,7.37,3.7,1.2896802902221678,3.67
1H4G,B,60,HIS,5.909261703491211,4.01,6.34,-0.4307382965087889,-2.33
1A91,A,61,ASP,4.581637382507324,7.1,3.7,0.881637382507324,3.3999999999999995
1QH7,A,184,GLU,5.65361213684082,6.5,4.2,1.4536121368408201,2.3
1B2X,A,73,GLU,4.449385166168213,2.1,4.2,0.2493851661682127,-2.1
1XNB,A,172,GLU,6.513123989105225,7.2,4.2,2.3131239891052244,3.0
1HNG,A,41,GLU,5.332515239715576,6.73,4.2,1.132515239715576,2.5300000000000002
1LSE,A,48,ASP,2.7603161334991455,1.6,3.7,-0.9396838665008547,-2.1
1QH7,A,60,HIS,4.888009071350098,4.01,6.34,-1.4519909286499022,-2.33
1H4G,B,184,GLU,5.4406280517578125,6.5,4.2,1.2406280517578123,2.3
1HV1,A,172,GLU,6.846928596496582,7.2,4.2,2.646928596496582,3.0
4HMI,A,93,LYS,6.1888628005981445,6.5,10.4,-4.211137199401856,-3.9000000000000004
1LZ3,A,7,GLU,3.4059178829193115,2.68,4.2,-0.7940821170806887,-1.52
1LSE,A,35,GLU,4.94602108001709,6.2,4.2,0.7460210800170897,2.0
1LSE,A,87,ASP,2.7120440006256104,2.07,3.7,-0.9879559993743898,-1.6300000000000003
1A6K,A,36,HIS,7.4481611251831055,8.06,6.34,1.1081611251831056,1.7200000000000006
135L,A,7,GLU,3.4038851261138916,2.68,4.2,-0.7961148738861086,-1.52
1KF3,A,38,ASP,2.8970022201538086,2.1,3.7,-0.8029977798461916,-1.6
4ICB,A,55,LYS,10.935172080993652,12.12,10.4,0.535172080993652,1.7199999999999989
1ERT,A,61,ASP,4.315611839294434,5.3,3.7,0.6156118392944334,1.5999999999999996
1LNI,A,53,HIS,7.089996337890625,8.27,6.34,0.7499963378906251,1.9299999999999997
2BCA,A,55,LYS,11.098587989807129,12.12,10.4,0.6985879898071286,1.7199999999999989
1A91,A,7,ASP,4.193949222564697,5.6,3.7,0.4939492225646971,1.8999999999999995
1MUT,A,39,LYS,10.998085021972656,8.4,10.4,0.5980850219726559,-2.0
1IG5,A,55,LYS,11.263416290283203,12.12,10.4,0.8634162902832028,1.7199999999999989
1A91,A,44,ASP,3.2403407096862793,5.6,3.7,-0.4596592903137209,1.8999999999999995
1DG9,A,66,HIS,7.328980445861816,8.29,6.34,0.9889804458618165,1.9499999999999993
135L,A,35,GLU,5.104345321655273,6.06,4.2,0.9043453216552733,1.8599999999999994
1LZ3,A,35,GLU,4.898714065551758,6.06,4.2,0.6987140655517576,1.8599999999999994
4HHB,A,112,HIS,7.564302444458008,8.1,6.34,1.224302444458008,1.7599999999999998
1STN,A,10,GLU,3.277848482131958,2.82,4.2,-0.9221515178680422,-1.3800000000000003
1BVI,B,28,GLU,4.237867832183838,5.61,4.2,0.03786783218383771,1.4100000000000001
1A6K,A,48,HIS,6.083316802978516,5.25,6.34,-0.25668319702148423,-1.0899999999999999
1BVI,B,102,GLU,4.242376327514648,5.3,4.2,0.04237632751464826,1.0999999999999996
1B2X,A,60,GLU,3.847588062286377,3.0,4.2,-0.3524119377136232,-1.2000000000000002
1LZ3,A,18,ASP,2.3899104595184326,2.68,3.7,-1.3100895404815676,-1.02
1LSE,A,7,GLU,3.9392664432525635,2.85,4.2,-0.2607335567474367,-1.35
2OVO,A,27,ASP,3.123021364212036,2.3,3.7,-0.576978635787964,-1.4000000000000004
1YGW,A,31,GLU,4.168742656707764,5.36,4.2,-0.031257343292236506,1.1600000000000001
4MBN,A,36,HIS,7.186450958251953,7.83,6.34,0.8464509582519533,1.4900000000000002
1DE3,A,150,HIS,6.325559616088867,7.6,6.34,-0.01444038391113267,1.2599999999999998
4HHB,A,20,HIS,7.325190544128418,7.6,6.34,0.9851905441284181,1.2599999999999998
1B2X,A,18,HIS,7.6281585693359375,7.75,6.34,1.2881585693359376,1.4100000000000001
1BNZ,A,35,ASP,2.9361929893493652,2.67,3.7,-0.7638070106506349,-1.0300000000000002
1ANS,A,20,GLU,4.129120826721191,5.4,4.2,-0.07087917327880877,1.2000000000000002
1IG5,A,25,LYS,10.85308837890625,11.81,10.4,0.45308837890624964,1.4100000000000001
1BNI,B,60,GLU,4.032766342163086,3.0,4.2,-0.16723365783691424,-1.2000000000000002
1KF3,A,2,GLU,3.146956443786621,2.7,4.2,-1.053043556213379,-1.5
1DWR,A,36,HIS,7.379752159118652,7.8,6.34,1.0397521591186525,1.46
1YGW,A,102,GLU,5.212915420532227,5.3,4.2,1.0129154205322264,1.0999999999999996
1YGW,A,28,GLU,4.7361860275268555,5.61,4.2,0.5361860275268553,1.4100000000000001
1BVI,B,31,GLU,4.2926344871521,5.36,4.2,0.09263448715209943,1.1600000000000001
2OVO,A,7,ASP,2.7883079051971436,2.67,3.7,-0.9116920948028566,-1.0300000000000002
1STN,A,121,HIS,5.641535758972168,5.3,6.34,-0.6984642410278319,-1.04
6GST,A,83,HIS,7.02049446105957,5.18,6.34,0.6804944610595705,-1.1600000000000001
1TRS,A,61,ASP,4.1257195472717285,5.2,3.7,0.42571954727172834,1.5
1BNI,B,18,HIS,7.082469940185547,7.75,6.34,0.742469940185547,1.4100000000000001
1YGW,A,27,HIS,7.885586738586426,7.57,6.34,1.545586738586426,1.2300000000000004
1GS9,A,146,LYS,10.49941349029541,9.2,10.4,0.0994134902954098,-1.200000000000001
1BVI,B,40,HIS,6.732425689697266,7.44,6.34,0.39242568969726577,1.1000000000000005
1A91,A,37,GLU,4.300729274749756,5.5,4.2,0.10072927474975568,1.2999999999999998
1EX3,A,194,ASP,5.839210033416748,2.29,3.7,2.139210033416748,-1.4100000000000001
1A91,A,2,GLU,3.496243715286255,5.5,4.2,-0.7037562847137453,1.2999999999999998
1BNZ,A,16,ASP,2.833371639251709,2.62,3.7,-0.8666283607482912,-1.08
1LSE,A,18,ASP,3.016023635864258,2.66,3.7,-0.6839763641357424,-1.04
1LNI,A,78,GLU,4.427884578704834,3.13,4.2,0.2278845787048338,-1.0700000000000003
6GST,A,167,HIS,7.757245063781738,7.77,6.34,1.4172450637817384,1.4299999999999997
1DE3,A,50,HIS,6.360692024230957,7.7,6.34,0.020692024230957173,1.3600000000000003
4ICB,A,25,LYS,10.88453483581543,11.81,10.4,0.48453483581542933,1.4100000000000001
1XNB,A,11,ASP,3.059617280960083,2.5,3.7,-0.6403827190399172,-1.2000000000000002
1YGW,A,40,HIS,6.585143089294434,7.44,6.34,0.24514308929443374,1.1000000000000005
135L,A,18,ASP,2.5959935188293457,2.68,3.7,-1.1040064811706545,-1.02
1BVI,B,27,HIS,7.309656143188477,7.57,6.34,0.9696561431884767,1.2300000000000004
2OVO,A,43,GLU,4.790042877197266,4.81,4.2,0.5900428771972654,0.6099999999999994
4ICB,A,11,GLU,4.54008674621582,4.74,4.2,0.34008674621582013,0.54
1TRS,A,56,GLU,4.261728286743164,3.2,4.2,0.061728286743163885,-1.0
1STN,A,57,GLU,3.366212844848633,3.49,4.2,-0.8337871551513674,-0.71
2ZTA,A,8,LYS,10.695562362670898,11.26,10.4,0.2955623626708981,0.8599999999999994
1YGW,A,49,ASP,3.4037396907806396,4.22,3.7,-0.29626030921936053,0.5199999999999996
1PPF,I,13,LYS,11.198134422302246,9.87,10.4,0.7981344223022457,-0.5300000000000011
4ICB,A,12,LYS,11.027017593383789,11.06,10.4,0.6270175933837887,0.6600000000000001
1SAP,A,53,GLU,4.482481479644775,3.53,4.2,0.2824814796447752,-0.6700000000000004
2ZTA,A,27,LYS,10.554180145263672,11.1,10.4,0.15418014526367152,0.6999999999999993
2BCA,A,29,LYS,10.07631778717041,11.28,10.4,-0.3236822128295902,0.879999999999999
1XNB,A,106,ASP,5.015057563781738,2.7,3.7,1.315057563781738,-1.0
1CDC,A,71,ASP,3.474916458129883,3.18,3.7,-0.22508354187011737,-0.52
1IG5,A,11,GLU,4.817330360412598,4.74,4.2,0.6173303604125975,0.54
4ICB,A,5,GLU,3.4021542072296143,3.4,4.2,-0.7978457927703859,-0.8000000000000003
1YGW,A,46,GLU,3.7503228187561035,3.62,4.2,-0.44967718124389666,-0.5800000000000001
1SAP,A,36,ASP,3.125397205352783,3.12,3.7,-0.574602794647217,-0.5800000000000001
2BCA,A,12,LYS,10.691752433776855,11.06,10.4,0.2917524337768551,0.6600000000000001
2IGH,A,45,ASP,4.281638145446777,4.4,3.7,0.5816381454467772,0.7000000000000002
1A6K,A,97,HIS,5.117090225219727,5.63,6.34,-1.2229097747802733,-0.71
1BNZ,A,54,GLU,2.958056926727295,3.56,4.2,-1.2419430732727053,-0.6400000000000001
2OVO,A,19,GLU,3.458160877227783,3.21,4.2,-0.741839122772217,-0.9900000000000002
1SAP,A,16,ASP,1.9952658414840698,2.89,3.7,-1.7047341585159304,-0.81
1IG5,A,7,LYS,10.915664672851562,11.36,10.4,0.5156646728515621,0.9599999999999991
2QMT,A,22,ASP,2.2954204082489014,2.9,3.7,-1.4045795917510988,-0.8000000000000003
1KF3,A,121,ASP,3.9457340240478516,3.0,3.7,0.24573402404785138,-0.7000000000000002
1RGG,A,54,GLU,4.24723482131958,3.42,4.2,0.0472348213195799,-0.7800000000000002
1LNI,A,93,ASP,3.8353521823883057,3.09,3.7,0.1353521823883055,-0.6100000000000003
4ICB,A,47,ASP,2.901026725769043,3.04,3.7,-0.7989732742309572,-0.6600000000000001
4HHB,A,72,HIS,7.241237640380859,7.3,6.34,0.9012376403808595,0.96
1BVI,B,49,ASP,3.785644054412842,4.22,3.7,0.08564405441284162,0.5199999999999996
2BCA,A,41,LYS,10.754880905151367,10.93,10.4,0.35488090515136683,0.5299999999999994
1IG5,A,16,LYS,11.01584529876709,11.06,10.4,0.6158452987670895,0.6600000000000001
4HHB,A,89,HIS,6.494179725646973,7.2,6.34,0.1541797256469728,0.8600000000000003
1GS9,A,143,LYS,10.314104080200195,9.5,10.4,-0.08589591979980504,-0.9000000000000004
1DE3,A,96,GLU,6.080155372619629,5.1,4.2,1.8801553726196287,0.8999999999999995
1BVI,B,29,ASP,4.4593329429626465,4.26,3.7,0.7593329429626463,0.5599999999999996
2BCA,A,16,LYS,10.933599472045898,11.06,10.4,0.5335994720458981,0.6600000000000001
1IGC,A,27,ASP,2.5158183574676514,2.9,3.7,-1.1841816425323488,-0.8000000000000003
1IG5,A,29,LYS,10.71292781829834,11.28,10.4,0.3129278182983395,0.879999999999999
1IG5,A,72,LYS,10.724004745483398,11.33,10.4,0.3240047454833981,0.9299999999999997
1IG5,A,47,ASP,3.094228744506836,3.04,3.7,-0.6057712554931642,-0.6600000000000001
4ICB,A,41,LYS,10.69189739227295,10.93,10.4,0.29189739227294886,0.5299999999999994
1DE3,A,35,HIS,7.686881065368652,6.3,6.34,1.3468810653686525,-0.040000000000000036
1BNI,B,29,GLU,3.379141330718994,3.75,4.2,-0.820858669281006,-0.4500000000000002
1IG5,A,71,LYS,10.503689765930176,10.73,10.4,0.10368976593017543,0.33000000000000007
1BHC,J,46,LYS,10.491158485412598,10.6,10.4,0.0911584854125973,0.1999999999999993
1QH7,A,94,GLU,6.143856525421143,3.94,4.2,1.9438565254211424,-0.26000000000000023
2QMT,A,40,ASP,3.5089528560638428,4.0,3.7,-0.1910471439361574,0.2999999999999998
1BPI,A,49,GLU,3.4415221214294434,3.8,4.2,-0.7584778785705568,-0.40000000000000036
2ZTA,A,11,GLU,4.149245262145996,4.05,4.2,-0.050754737854004084,-0.15000000000000036
1HNG,A,25,ASP,3.237304925918579,3.53,3.7,-0.4626950740814211,-0.17000000000000037
1CDC,A,29,GLU,4.127101421356201,4.42,4.2,-0.072898578643799,0.21999999999999975
1UBQ,A,16,GLU,3.8955137729644775,3.9,4.2,-0.30448622703552264,-0.30000000000000027
1ERT,A,60,ASP,4.000903606414795,4.2,3.7,0.30090360641479474,0.5
1KF3,A,86,GLU,3.776367664337158,4.0,4.2,-0.423632335662842,-0.20000000000000018
1DE3,A,19,GLU,2.7947099208831787,4.6,4.2,-1.4052900791168215,0.39999999999999947
1QH7,A,178,GLU,5.749255180358887,4.1,4.2,1.5492551803588865,-0.10000000000000053
1GS9,A,75,LYS,10.199182510375977,10.1,10.4,-0.2008174896240238,-0.3000000000000007
1LZ3,A,119,ASP,2.5218000411987305,3.35,3.7,-1.1781999588012697,-0.3500000000000001
1HV1,A,78,GLU,6.72336483001709,4.6,4.2,2.5233648300170897,0.39999999999999947
1TRS,A,60,ASP,3.812649726867676,3.9,3.7,0.1126497268676756,0.19999999999999973
1SAP,A,47,GLU,2.925119638442993,4.21,4.2,-1.274880361557007,0.009999999999999787
1QH7,A,126,GLU,3.834474802017212,4.51,4.2,-0.36552519798278826,0.3099999999999996
1A6K,A,12,HIS,6.559499740600586,6.29,6.34,0.21949974060058608,-0.04999999999999982
1TRS,A,13,GLU,4.0007829666137695,4.4,4.2,-0.19921703338623065,0.20000000000000018
1YGW,A,15,ASP,4.288846969604492,3.52,3.7,0.588846969604492,-0.18000000000000016
2QMT,A,15,GLU,3.93411922454834,4.4,4.2,-0.26588077545166033,0.20000000000000018
1DE3,A,36,HIS,7.19134521484375,6.8,6.34,0.8513452148437501,0.45999999999999996
2BCA,A,1,LYS,10.82152271270752,10.59,10.4,0.4215227127075192,0.1899999999999995
1LSE,A,116,LYS,10.524091720581055,10.4,10.4,0.12409172058105433,0.0
1H4G,B,56,GLU,4.315607070922852,4.55,4.2,0.11560707092285138,0.34999999999999964
1UBQ,A,18,GLU,3.9523372650146484,4.3,4.2,-0.24766273498535174,0.09999999999999964
1ERT,A,16,ASP,4.29395866394043,3.7,3.7,0.5939586639404295,0.0
1BNI,B,12,ASP,4.124584674835205,3.8,3.7,0.4245846748352049,0.09999999999999964
3SRN,A,105,HIS,5.690167427062988,6.82,6.34,-0.6498325729370116,0.4800000000000004
1QH7,A,21,ASP,2.804640293121338,3.46,3.7,-0.8953597068786623,-0.2400000000000002
2QMT,A,36,ASP,4.2227783203125,3.8,3.7,0.5227783203124998,0.09999999999999964
1BPI,A,26,LYS,10.762484550476074,10.6,10.4,0.36248455047607386,0.1999999999999993
1HNG,A,99,GLU,3.1392321586608887,4.25,4.2,-1.0607678413391115,0.04999999999999982
1A6K,A,116,HIS,6.281545639038086,6.49,6.34,-0.05845436096191392,0.15000000000000036
2ZTA,A,18,HIS,6.628909111022949,6.24,6.34,0.28890911102294936,-0.09999999999999964
1GB1,A,56,GLU,3.985304832458496,4.0,4.2,-0.21469516754150408,-0.20000000000000018
1CDC,A,62,ASP,3.418388605117798,4.15,3.7,-0.2816113948822023,0.4500000000000002
1BI6,H,24,GLU,3.8673524856567383,4.2,4.2,-0.3326475143432619,0.0
1CDC,A,94,ASP,3.054711103439331,3.87,3.7,-0.6452888965606691,0.16999999999999993
